{
    "$schema": "https://schema.management.azure.com/schemas/2015-01-01/deploymentParameters.json#",
    "contentVersion": "1.0.0.0",
    "parameters": {
        "extensions_setupMachine_fileUris": {
            "value": null
        },
        "extensions_setupMachine_storageAccountName": {
            "value": null
        },
        "extensions_setupMachine_storageAccountKey": {
            "value": null
        },
        "extensions_setupMachine_commandToExecute": {
            "value": null
        },
        "virtualNetworks_network_name": {
            "value": null
        },
        "publicIPAddresses_mymoodleip_name": {
            "value": null
        },
        "firewallPolicies_rajafirewall_name": {
            "value": null
        },
        "networkInterfaces_mymoodlenic_name": {
            "value": null
        },
        "virtualMachines_mymoodle_frontend_name": {
            "value": null
        },
        "ddosProtectionPlans_rajaprotection_name": {
            "value": null
        },
        "storageAccounts_tn5xgivr3d6v4storage_name": {
            "value": null
        },
        "networkSecurityGroups_default_subnet_sg_name": {
            "value": null
        },
        "servers_mymoodletn5xgivr3d6v4_database_name": {
            "value": null
        }
    }
}